<application>
  <component name="ProjectManager">
    <defaultProject>
      <component name="KubernetesApiProvider"><![CDATA[{}]]></component>
      <component name="PropertiesComponent">{
  &quot;keyToString&quot;: {
    &quot;com.codeium.enabled&quot;: &quot;true&quot;
  }
}</component>
      <component name="WindowStateProjectService">
        <state x="2183" y="301" key="FileChooserDialogImpl" timestamp="1728660020210">
          <screen x="1920" y="0" width="1920" height="1080" />
        </state>
        <state x="2183" y="301" key="FileChooserDialogImpl/0.0.1920.1080/1920.0.1920.1080" timestamp="1728660020210" />
      </component>
    </defaultProject>
  </component>
</application>