<application>
  <component name="Trusted.Paths">
    <option name="TRUSTED_PROJECT_PATHS">
      <map>
        <entry key="$USER_HOME$" value="true" />
        <entry key="$USER_HOME$/PycharmProjects" value="true" />
        <entry key="$USER_HOME$/PycharmProjects/pythonProject" value="true" />
        <entry key="$USER_HOME$/PycharmProjects/pythonProject/week9/forms_flask/pythonProject1" value="true" />
        <entry key="$USER_HOME$/PycharmProjects/pythonProject1" value="true" />
        <entry key="/mnt/sda1" value="true" />
        <entry key="/mnt/storage" value="true" />
        <entry key="/run/media/igor7786/13538942-3c4b-4a8a-a77c-80295a9b43df" value="true" />
        <entry key="/run/media/igor7786/13538942-3c4b-4a8a-a77c-80295a9b43df/Instalation" value="true" />
        <entry key="/run/media/igor7787/13538942-3c4b-4a8a-a77c-80295a9b43df" value="true" />
        <entry key="/run/media/igor7787/6D68-5DCE/News" value="true" />
        <entry key="/run/media/igor7787/6D68-D5CE" value="true" />
        <entry key="/run/media/igor7787/C89A-388E" value="true" />
      </map>
    </option>
  </component>
  <component name="Trusted.Paths.Settings">
    <option name="TRUSTED_PATHS">
      <list>
        <option value="/home" />
        <option value="/mnt" />
        <option value="/run/media/igor7787" />
        <option value="/run/media/igor7786/13538942-3c4b-4a8a-a77c-80295a9b43df" />
      </list>
    </option>
  </component>
</application>