<application>
  <component name="DimensionService">
    <location key="find.popup.1920.0.1920.1080" x="2074" y="105" />
    <size key="find.popup.1920.0.1920.1080" width="659" height="578" />
    <size key="GridCell.Tab.0.left.1920.0.1920.1080" width="453" height="415" />
    <size key="GridCell.Tab.0.center.1920.0.1920.1080" width="453" height="415" />
    <size key="GridCell.Tab.0.right.1920.0.1920.1080" width="453" height="415" />
    <size key="GridCell.Tab.0.bottom.1920.0.1920.1080" width="453" height="415" />
    <size key="GridCell.Tab.0.left.0.0.1920.1080" width="44" height="917" />
    <size key="GridCell.Tab.0.center.0.0.1920.1080" width="44" height="917" />
    <size key="GridCell.Tab.0.right.0.0.1920.1080" width="44" height="917" />
    <size key="GridCell.Tab.0.bottom.0.0.1920.1080" width="44" height="917" />
    <size key="GridCell.Tab.1.left.1920.0.1920.1080" width="613" height="291" />
    <size key="GridCell.Tab.1.center.1920.0.1920.1080" width="613" height="291" />
    <size key="GridCell.Tab.1.right.1920.0.1920.1080" width="613" height="291" />
    <size key="GridCell.Tab.1.bottom.1920.0.1920.1080" width="613" height="291" />
  </component>
  <component name="WindowManager">
    <frame x="1924" y="54" width="1912" height="1022" />
  </component>
  <component name="WindowStateApplicationService">
    <state x="2880" y="565" width="1912" height="1022" key="WELCOME_SCREEN" timestamp="1749538798441">
      <screen x="1920" y="0" width="1920" height="1080" />
    </state>
    <state x="2880" y="565" width="1912" height="1022" key="WELCOME_SCREEN/0.0.1920.1080/1920.0.1920.1080" timestamp="1749538798441" />
  </component>
</application>