<application>
  <component name="DimensionService">
    <location key="find.popup.1920.0.1920.1080" x="2074" y="105" />
    <size key="find.popup.1920.0.1920.1080" width="659" height="578" />
    <size key="GridCell.Tab.0.left.1920.0.1920.1080" width="538" height="846" />
    <size key="GridCell.Tab.0.center.1920.0.1920.1080" width="538" height="846" />
    <size key="GridCell.Tab.0.right.1920.0.1920.1080" width="538" height="846" />
    <size key="GridCell.Tab.0.bottom.1920.0.1920.1080" width="538" height="846" />
    <size key="GridCell.Tab.0.left.0.0.1920.1080" width="44" height="917" />
    <size key="GridCell.Tab.0.center.0.0.1920.1080" width="44" height="917" />
    <size key="GridCell.Tab.0.right.0.0.1920.1080" width="44" height="917" />
    <size key="GridCell.Tab.0.bottom.0.0.1920.1080" width="44" height="917" />
    <size key="GridCell.Tab.1.left.1920.0.1920.1080" width="613" height="291" />
    <size key="GridCell.Tab.1.center.1920.0.1920.1080" width="613" height="291" />
    <size key="GridCell.Tab.1.right.1920.0.1920.1080" width="613" height="291" />
    <size key="GridCell.Tab.1.bottom.1920.0.1920.1080" width="613" height="291" />
  </component>
  <component name="WindowManager">
    <frame x="2884" y="44" width="952" height="971" />
  </component>
  <component name="WindowStateApplicationService">
    <state x="2663" y="299" width="424" height="458" key="FileChooserDialogImpl" timestamp="1728368009937">
      <screen x="1920" y="0" width="1920" height="1080" />
    </state>
    <state x="2663" y="299" width="424" height="458" key="FileChooserDialogImpl/0.0.1920.1080/1920.0.1920.1080" timestamp="1728368009937" />
    <state width="424" height="148" key="ShowUsagesActions.dimensionServiceKey" timestamp="1733620717780">
      <screen x="0" y="0" width="1920" height="1080" />
    </state>
    <state width="424" height="148" key="ShowUsagesActions.dimensionServiceKey/0.0.1920.1080/1920.0.1920.1080" timestamp="1733620717780" />
    <state x="3360" y="529" width="952" height="971" key="WELCOME_SCREEN" timestamp="1732999171962">
      <screen x="1920" y="0" width="1920" height="1080" />
    </state>
    <state x="3360" y="529" width="952" height="971" key="WELCOME_SCREEN/0.0.1920.1080/1920.0.1920.1080" timestamp="1732999171962" />
    <state width="300" height="509" key="manage.recent.projects.popup" timestamp="1731486550377">
      <screen x="0" y="0" width="1920" height="1080" />
    </state>
    <state width="300" height="509" key="manage.recent.projects.popup/0.0.1920.1080/1920.0.1920.1080" timestamp="1731486550377" />
  </component>
</application>