<profile version="1.0">
  <option name="myName" value="Default" />
  <inspection_tool class="HtmlUnknownAttribute" enabled="true" level="WARNING" enabled_by_default="true">
    <option name="myValues">
      <value>
        <list size="8">
          <item index="0" class="java.lang.String" itemvalue="hx-on::before-request" />
          <item index="1" class="java.lang.String" itemvalue="hx-history" />
          <item index="2" class="java.lang.String" itemvalue="classes" />
          <item index="3" class="java.lang.String" itemvalue="hx-on:htmx:after-request" />
          <item index="4" class="java.lang.String" itemvalue="hx-on:htmx:before-request" />
          <item index="5" class="java.lang.String" itemvalue="hx-on::after-request" />
          <item index="6" class="java.lang.String" itemvalue="hx-on::after-settle" />
          <item index="7" class="java.lang.String" itemvalue="hx-head" />
        </list>
      </value>
    </option>
    <option name="myCustomValuesEnabled" value="true" />
  </inspection_tool>
  <inspection_tool class="t" enabled="false" level="WEAK WARNING" enabled_by_default="false" />
</profile>